{"cameraMode":{"drawMode":0,"name":"Shaded","section":"Shading Mode"},"sceneLighting":false,"audioPlay":false,"sceneViewState":{"showFog":true,"showMaterialUpdate":false,"showSkybox":false,"showFlares":true,"showImageEffects":true,"showParticleSystems":true},"in2DMode":false,"pivot":{"x":196.39491271972657,"y":-127.12625122070313,"z":401.8065185546875},"rotation":{"x":-0.35089319944381716,"y":-0.3428054749965668,"z":0.13976170122623444,"w":-0.8601309061050415},"size":275.36016845703127,"orthographic":false}