{"cameraMode":{"drawMode":0,"name":"Shaded","section":"Shading Mode"},"sceneLighting":false,"audioPlay":false,"sceneViewState":{"showFog":true,"showMaterialUpdate":false,"showSkybox":false,"showFlares":true,"showImageEffects":true,"showParticleSystems":true},"in2DMode":false,"pivot":{"x":441.08648681640627,"y":-226.8531494140625,"z":465.07220458984377},"rotation":{"x":-0.4748062789440155,"y":-0.17445343732833863,"z":0.09653335809707642,"w":-0.8572084903717041},"size":298.4520263671875,"orthographic":false}