{"cameraMode":{"drawMode":0,"name":"Shaded","section":"Shading Mode"},"sceneLighting":false,"audioPlay":false,"sceneViewState":{"showFog":true,"showMaterialUpdate":false,"showSkybox":false,"showFlares":true,"showImageEffects":true,"showParticleSystems":true},"in2DMode":false,"pivot":{"x":342.7716979980469,"y":-327.08935546875,"z":372.1846923828125},"rotation":{"x":-0.1623755246400833,"y":-0.3245578110218048,"z":0.05659225955605507,"w":-0.93010413646698},"size":285.0213317871094,"orthographic":false}